subject,file,lineno,LEC,DNC,NCT,experience-based,statistics-based,tuning machine
detection,/Users/ganimzawhar/Desktop/Pysmell/pysmell/detection/detector.py,4,,2,1,0,0,0
detection,/Users/ganimzawhar/Desktop/Pysmell/pysmell/detection/detector.py,13,,2,1,0,0,0
detection,/Users/ganimzawhar/Desktop/Pysmell/pysmell/detection/detector.py,14,,2,1,0,0,0
detection,/Users/ganimzawhar/Desktop/Pysmell/pysmell/detection/detector.py,15,,2,1,0,0,0
detection,/Users/ganimzawhar/Desktop/Pysmell/pysmell/detection/detector.py,16,,2,1,0,0,0
detection,/Users/ganimzawhar/Desktop/Pysmell/pysmell/detection/detector.py,20,,2,1,0,0,0
detection,/Users/ganimzawhar/Desktop/Pysmell/pysmell/detection/detector.py,30,1,,,0,0,0
detection,/Users/ganimzawhar/Desktop/Pysmell/pysmell/detection/detector.py,38,2,,,0,0,0
detection,/Users/ganimzawhar/Desktop/Pysmell/pysmell/detection/detector.py,39,2,,,0,0,0
detection,/Users/ganimzawhar/Desktop/Pysmell/pysmell/detection/detector.py,40,2,,,0,0,0
detection,/Users/ganimzawhar/Desktop/Pysmell/pysmell/detection/detector.py,41,1,,,0,0,0
detection,/Users/ganimzawhar/Desktop/Pysmell/pysmell/detection/detector.py,41,1,,,0,0,0
detection,/Users/ganimzawhar/Desktop/Pysmell/pysmell/detection/detector.py,41,1,,,0,0,0
detection,/Users/ganimzawhar/Desktop/Pysmell/pysmell/detection/detector.py,41,1,,,0,0,0
detection,/Users/ganimzawhar/Desktop/Pysmell/pysmell/detection/detector.py,41,1,,,0,0,0
detection,/Users/ganimzawhar/Desktop/Pysmell/pysmell/detection/detector.py,41,1,,,0,0,0
detection,/Users/ganimzawhar/Desktop/Pysmell/pysmell/detection/detector.py,43,2,,,0,0,0
detection,/Users/ganimzawhar/Desktop/Pysmell/pysmell/detection/detector.py,43,1,,,0,0,0
detection,/Users/ganimzawhar/Desktop/Pysmell/pysmell/detection/detector.py,43,2,,,0,0,0
detection,/Users/ganimzawhar/Desktop/Pysmell/pysmell/detection/detector.py,43,1,,,0,0,0
detection,/Users/ganimzawhar/Desktop/Pysmell/pysmell/detection/detector.py,46,1,,,0,0,0
detection,/Users/ganimzawhar/Desktop/Pysmell/pysmell/detection/detector.py,46,1,,,0,0,0
detection,/Users/ganimzawhar/Desktop/Pysmell/pysmell/detection/detector.py,46,1,,,0,0,0
detection,/Users/ganimzawhar/Desktop/Pysmell/pysmell/detection/detector.py,46,1,,,0,0,0
detection,/Users/ganimzawhar/Desktop/Pysmell/pysmell/detection/detector.py,46,1,,,0,0,0
detection,/Users/ganimzawhar/Desktop/Pysmell/pysmell/detection/detector.py,46,1,,,0,0,0
detection,/Users/ganimzawhar/Desktop/Pysmell/pysmell/detection/detector.py,48,2,,,0,0,0
detection,/Users/ganimzawhar/Desktop/Pysmell/pysmell/detection/detector.py,48,1,,,0,0,0
detection,/Users/ganimzawhar/Desktop/Pysmell/pysmell/detection/detector.py,48,2,,,0,0,0
detection,/Users/ganimzawhar/Desktop/Pysmell/pysmell/detection/detector.py,48,1,,,0,0,0
detection,/Users/ganimzawhar/Desktop/Pysmell/pysmell/detection/detector.py,51,1,,,0,0,0
detection,/Users/ganimzawhar/Desktop/Pysmell/pysmell/detection/detector.py,51,1,,,0,0,0
detection,/Users/ganimzawhar/Desktop/Pysmell/pysmell/detection/detector.py,51,1,,,0,0,0
detection,/Users/ganimzawhar/Desktop/Pysmell/pysmell/detection/detector.py,51,1,,,0,0,0
detection,/Users/ganimzawhar/Desktop/Pysmell/pysmell/detection/detector.py,51,1,,,0,0,0
detection,/Users/ganimzawhar/Desktop/Pysmell/pysmell/detection/detector.py,51,1,,,0,0,0
detection,/Users/ganimzawhar/Desktop/Pysmell/pysmell/detection/detector.py,53,2,,,0,0,0
detection,/Users/ganimzawhar/Desktop/Pysmell/pysmell/detection/detector.py,53,1,,,0,0,0
detection,/Users/ganimzawhar/Desktop/Pysmell/pysmell/detection/detector.py,53,2,,,0,0,0
detection,/Users/ganimzawhar/Desktop/Pysmell/pysmell/detection/detector.py,53,1,,,0,0,0
detection,/Users/ganimzawhar/Desktop/Pysmell/pysmell/detection/detector.py,58,2,,,0,0,0
detection,/Users/ganimzawhar/Desktop/Pysmell/pysmell/detection/detector.py,59,2,,,0,0,0
detection,/Users/ganimzawhar/Desktop/Pysmell/pysmell/detection/detector.py,60,2,,,0,0,0
detection,/Users/ganimzawhar/Desktop/Pysmell/pysmell/detection/detector.py,61,1,,,0,0,0
detection,/Users/ganimzawhar/Desktop/Pysmell/pysmell/detection/detector.py,61,1,,,0,0,0
detection,/Users/ganimzawhar/Desktop/Pysmell/pysmell/detection/detector.py,61,1,,,0,0,0
detection,/Users/ganimzawhar/Desktop/Pysmell/pysmell/detection/detector.py,61,1,,,0,0,0
detection,/Users/ganimzawhar/Desktop/Pysmell/pysmell/detection/detector.py,61,1,,,0,0,0
detection,/Users/ganimzawhar/Desktop/Pysmell/pysmell/detection/detector.py,61,1,,,0,0,0
detection,/Users/ganimzawhar/Desktop/Pysmell/pysmell/detection/detector.py,63,2,,,0,0,0
detection,/Users/ganimzawhar/Desktop/Pysmell/pysmell/detection/detector.py,63,1,,,0,0,0
detection,/Users/ganimzawhar/Desktop/Pysmell/pysmell/detection/detector.py,63,2,,,0,0,0
detection,/Users/ganimzawhar/Desktop/Pysmell/pysmell/detection/detector.py,63,1,,,0,0,0
detection,/Users/ganimzawhar/Desktop/Pysmell/pysmell/detection/detector.py,66,1,,,0,0,0
detection,/Users/ganimzawhar/Desktop/Pysmell/pysmell/detection/detector.py,66,1,,,0,0,0
detection,/Users/ganimzawhar/Desktop/Pysmell/pysmell/detection/detector.py,66,1,,,0,0,0
detection,/Users/ganimzawhar/Desktop/Pysmell/pysmell/detection/detector.py,66,1,,,0,0,0
detection,/Users/ganimzawhar/Desktop/Pysmell/pysmell/detection/detector.py,66,1,,,0,0,0
detection,/Users/ganimzawhar/Desktop/Pysmell/pysmell/detection/detector.py,66,1,,,0,0,0
detection,/Users/ganimzawhar/Desktop/Pysmell/pysmell/detection/detector.py,68,2,,,0,0,0
detection,/Users/ganimzawhar/Desktop/Pysmell/pysmell/detection/detector.py,68,1,,,0,0,0
detection,/Users/ganimzawhar/Desktop/Pysmell/pysmell/detection/detector.py,68,2,,,0,0,0
detection,/Users/ganimzawhar/Desktop/Pysmell/pysmell/detection/detector.py,68,1,,,0,0,0
detection,/Users/ganimzawhar/Desktop/Pysmell/pysmell/detection/detector.py,71,1,,,0,0,0
detection,/Users/ganimzawhar/Desktop/Pysmell/pysmell/detection/detector.py,71,1,,,0,0,0
detection,/Users/ganimzawhar/Desktop/Pysmell/pysmell/detection/detector.py,71,1,,,0,0,0
detection,/Users/ganimzawhar/Desktop/Pysmell/pysmell/detection/detector.py,71,1,,,0,0,0
detection,/Users/ganimzawhar/Desktop/Pysmell/pysmell/detection/detector.py,71,1,,,0,0,0
detection,/Users/ganimzawhar/Desktop/Pysmell/pysmell/detection/detector.py,71,1,,,0,0,0
detection,/Users/ganimzawhar/Desktop/Pysmell/pysmell/detection/detector.py,73,2,,,0,0,0
detection,/Users/ganimzawhar/Desktop/Pysmell/pysmell/detection/detector.py,73,1,,,0,0,0
detection,/Users/ganimzawhar/Desktop/Pysmell/pysmell/detection/detector.py,73,2,,,0,0,0
detection,/Users/ganimzawhar/Desktop/Pysmell/pysmell/detection/detector.py,73,1,,,0,0,0
detection,/Users/ganimzawhar/Desktop/Pysmell/pysmell/detection/detector.py,78,2,,,0,0,0
detection,/Users/ganimzawhar/Desktop/Pysmell/pysmell/detection/detector.py,79,2,,,0,0,0
detection,/Users/ganimzawhar/Desktop/Pysmell/pysmell/detection/detector.py,80,1,,,0,0,0
detection,/Users/ganimzawhar/Desktop/Pysmell/pysmell/detection/detector.py,80,1,,,0,0,0
detection,/Users/ganimzawhar/Desktop/Pysmell/pysmell/detection/detector.py,80,1,,,0,0,0
detection,/Users/ganimzawhar/Desktop/Pysmell/pysmell/detection/detector.py,80,1,,,0,0,0
detection,/Users/ganimzawhar/Desktop/Pysmell/pysmell/detection/detector.py,82,2,,,0,0,0
detection,/Users/ganimzawhar/Desktop/Pysmell/pysmell/detection/detector.py,82,1,,,0,0,0
detection,/Users/ganimzawhar/Desktop/Pysmell/pysmell/detection/detector.py,82,2,,,0,0,0
detection,/Users/ganimzawhar/Desktop/Pysmell/pysmell/detection/detector.py,82,1,,,0,0,0
detection,/Users/ganimzawhar/Desktop/Pysmell/pysmell/detection/detector.py,85,1,,,0,0,0
detection,/Users/ganimzawhar/Desktop/Pysmell/pysmell/detection/detector.py,85,1,,,0,0,0
detection,/Users/ganimzawhar/Desktop/Pysmell/pysmell/detection/detector.py,85,1,,,0,0,0
detection,/Users/ganimzawhar/Desktop/Pysmell/pysmell/detection/detector.py,85,1,,,0,0,0
detection,/Users/ganimzawhar/Desktop/Pysmell/pysmell/detection/detector.py,87,2,,,0,0,0
detection,/Users/ganimzawhar/Desktop/Pysmell/pysmell/detection/detector.py,87,1,,,0,0,0
detection,/Users/ganimzawhar/Desktop/Pysmell/pysmell/detection/detector.py,87,2,,,0,0,0
detection,/Users/ganimzawhar/Desktop/Pysmell/pysmell/detection/detector.py,87,1,,,0,0,0
detection,/Users/ganimzawhar/Desktop/Pysmell/pysmell/detection/detector.py,90,1,,,0,0,0
detection,/Users/ganimzawhar/Desktop/Pysmell/pysmell/detection/detector.py,90,1,,,0,0,0
detection,/Users/ganimzawhar/Desktop/Pysmell/pysmell/detection/detector.py,90,1,,,0,0,0
detection,/Users/ganimzawhar/Desktop/Pysmell/pysmell/detection/detector.py,90,1,,,0,0,0
detection,/Users/ganimzawhar/Desktop/Pysmell/pysmell/detection/detector.py,92,2,,,0,0,0
detection,/Users/ganimzawhar/Desktop/Pysmell/pysmell/detection/detector.py,92,1,,,0,0,0
detection,/Users/ganimzawhar/Desktop/Pysmell/pysmell/detection/detector.py,92,2,,,0,0,0
detection,/Users/ganimzawhar/Desktop/Pysmell/pysmell/detection/detector.py,92,1,,,0,0,0
detection,/Users/ganimzawhar/Desktop/Pysmell/pysmell/detection/detector.py,97,2,,,0,0,0
detection,/Users/ganimzawhar/Desktop/Pysmell/pysmell/detection/detector.py,98,2,,,0,0,0
detection,/Users/ganimzawhar/Desktop/Pysmell/pysmell/detection/detector.py,99,2,,,0,0,0
detection,/Users/ganimzawhar/Desktop/Pysmell/pysmell/detection/detector.py,100,1,,,0,0,0
detection,/Users/ganimzawhar/Desktop/Pysmell/pysmell/detection/detector.py,100,1,,,0,0,0
detection,/Users/ganimzawhar/Desktop/Pysmell/pysmell/detection/detector.py,100,1,,,0,0,0
detection,/Users/ganimzawhar/Desktop/Pysmell/pysmell/detection/detector.py,100,1,,,0,0,0
detection,/Users/ganimzawhar/Desktop/Pysmell/pysmell/detection/detector.py,100,1,,,0,0,0
detection,/Users/ganimzawhar/Desktop/Pysmell/pysmell/detection/detector.py,100,1,,,0,0,0
detection,/Users/ganimzawhar/Desktop/Pysmell/pysmell/detection/detector.py,100,1,,,0,0,0
detection,/Users/ganimzawhar/Desktop/Pysmell/pysmell/detection/detector.py,100,1,,,0,0,0
detection,/Users/ganimzawhar/Desktop/Pysmell/pysmell/detection/detector.py,102,2,,,0,0,0
detection,/Users/ganimzawhar/Desktop/Pysmell/pysmell/detection/detector.py,102,1,,,0,0,0
detection,/Users/ganimzawhar/Desktop/Pysmell/pysmell/detection/detector.py,102,2,,,0,0,0
detection,/Users/ganimzawhar/Desktop/Pysmell/pysmell/detection/detector.py,102,1,,,0,0,0
detection,/Users/ganimzawhar/Desktop/Pysmell/pysmell/detection/detector.py,105,1,,,0,0,0
detection,/Users/ganimzawhar/Desktop/Pysmell/pysmell/detection/detector.py,105,1,,,0,0,0
detection,/Users/ganimzawhar/Desktop/Pysmell/pysmell/detection/detector.py,105,1,,,0,0,0
detection,/Users/ganimzawhar/Desktop/Pysmell/pysmell/detection/detector.py,105,1,,,0,0,0
detection,/Users/ganimzawhar/Desktop/Pysmell/pysmell/detection/detector.py,105,1,,,0,0,0
detection,/Users/ganimzawhar/Desktop/Pysmell/pysmell/detection/detector.py,105,1,,,0,0,0
detection,/Users/ganimzawhar/Desktop/Pysmell/pysmell/detection/detector.py,105,1,,,0,0,0
detection,/Users/ganimzawhar/Desktop/Pysmell/pysmell/detection/detector.py,105,1,,,0,0,0
detection,/Users/ganimzawhar/Desktop/Pysmell/pysmell/detection/detector.py,107,2,,,0,0,0
detection,/Users/ganimzawhar/Desktop/Pysmell/pysmell/detection/detector.py,107,1,,,0,0,0
detection,/Users/ganimzawhar/Desktop/Pysmell/pysmell/detection/detector.py,107,2,,,0,0,0
detection,/Users/ganimzawhar/Desktop/Pysmell/pysmell/detection/detector.py,107,1,,,0,0,0
detection,/Users/ganimzawhar/Desktop/Pysmell/pysmell/detection/detector.py,110,1,,,0,0,0
detection,/Users/ganimzawhar/Desktop/Pysmell/pysmell/detection/detector.py,110,1,,,0,0,0
detection,/Users/ganimzawhar/Desktop/Pysmell/pysmell/detection/detector.py,110,1,,,0,0,0
detection,/Users/ganimzawhar/Desktop/Pysmell/pysmell/detection/detector.py,110,1,,,0,0,0
detection,/Users/ganimzawhar/Desktop/Pysmell/pysmell/detection/detector.py,110,1,,,0,0,0
detection,/Users/ganimzawhar/Desktop/Pysmell/pysmell/detection/detector.py,110,1,,,0,0,0
detection,/Users/ganimzawhar/Desktop/Pysmell/pysmell/detection/detector.py,110,1,,,0,0,0
detection,/Users/ganimzawhar/Desktop/Pysmell/pysmell/detection/detector.py,110,1,,,0,0,0
detection,/Users/ganimzawhar/Desktop/Pysmell/pysmell/detection/detector.py,112,2,,,0,0,0
detection,/Users/ganimzawhar/Desktop/Pysmell/pysmell/detection/detector.py,112,1,,,0,0,0
detection,/Users/ganimzawhar/Desktop/Pysmell/pysmell/detection/detector.py,112,2,,,0,0,0
detection,/Users/ganimzawhar/Desktop/Pysmell/pysmell/detection/detector.py,112,1,,,0,0,0
detection,/Users/ganimzawhar/Desktop/Pysmell/pysmell/detection/detector.py,117,2,,,0,0,0
detection,/Users/ganimzawhar/Desktop/Pysmell/pysmell/detection/detector.py,118,1,,,0,0,0
detection,/Users/ganimzawhar/Desktop/Pysmell/pysmell/detection/detector.py,118,1,,,0,0,0
detection,/Users/ganimzawhar/Desktop/Pysmell/pysmell/detection/detector.py,120,2,,,0,0,0
detection,/Users/ganimzawhar/Desktop/Pysmell/pysmell/detection/detector.py,120,1,,,0,0,0
detection,/Users/ganimzawhar/Desktop/Pysmell/pysmell/detection/detector.py,120,2,,,0,0,0
detection,/Users/ganimzawhar/Desktop/Pysmell/pysmell/detection/detector.py,120,1,,,0,0,0
detection,/Users/ganimzawhar/Desktop/Pysmell/pysmell/detection/detector.py,123,1,,,0,0,0
detection,/Users/ganimzawhar/Desktop/Pysmell/pysmell/detection/detector.py,123,1,,,0,0,0
detection,/Users/ganimzawhar/Desktop/Pysmell/pysmell/detection/detector.py,125,2,,,0,0,0
detection,/Users/ganimzawhar/Desktop/Pysmell/pysmell/detection/detector.py,125,1,,,0,0,0
detection,/Users/ganimzawhar/Desktop/Pysmell/pysmell/detection/detector.py,125,2,,,0,0,0
detection,/Users/ganimzawhar/Desktop/Pysmell/pysmell/detection/detector.py,125,1,,,0,0,0
detection,/Users/ganimzawhar/Desktop/Pysmell/pysmell/detection/detector.py,128,1,,,0,0,0
detection,/Users/ganimzawhar/Desktop/Pysmell/pysmell/detection/detector.py,128,1,,,0,0,0
detection,/Users/ganimzawhar/Desktop/Pysmell/pysmell/detection/detector.py,130,2,,,0,0,0
detection,/Users/ganimzawhar/Desktop/Pysmell/pysmell/detection/detector.py,130,1,,,0,0,0
detection,/Users/ganimzawhar/Desktop/Pysmell/pysmell/detection/detector.py,130,2,,,0,0,0
detection,/Users/ganimzawhar/Desktop/Pysmell/pysmell/detection/detector.py,130,1,,,0,0,0
detection,/Users/ganimzawhar/Desktop/Pysmell/pysmell/detection/detector.py,136,1,,,0,0,0
detection,/Users/ganimzawhar/Desktop/Pysmell/pysmell/detection/detector.py,136,1,,,0,0,0
detection,/Users/ganimzawhar/Desktop/Pysmell/pysmell/detection/detector.py,136,1,,,0,0,0
detection,/Users/ganimzawhar/Desktop/Pysmell/pysmell/detection/detector.py,138,2,,,0,0,0
detection,/Users/ganimzawhar/Desktop/Pysmell/pysmell/detection/detector.py,138,1,,,0,0,0
detection,/Users/ganimzawhar/Desktop/Pysmell/pysmell/detection/detector.py,138,1,,,0,0,0
detection,/Users/ganimzawhar/Desktop/Pysmell/pysmell/detection/detector.py,138,1,,,0,0,0
detection,/Users/ganimzawhar/Desktop/Pysmell/pysmell/detection/detector.py,140,1,,,0,0,0
detection,/Users/ganimzawhar/Desktop/Pysmell/pysmell/detection/detector.py,141,2,,,0,0,0
detection,/Users/ganimzawhar/Desktop/Pysmell/pysmell/detection/detector.py,141,1,,,0,0,0
detection,/Users/ganimzawhar/Desktop/Pysmell/pysmell/detection/detector.py,141,1,,,0,0,0
detection,/Users/ganimzawhar/Desktop/Pysmell/pysmell/detection/detector.py,141,1,,,0,0,0
detection,/Users/ganimzawhar/Desktop/Pysmell/pysmell/detection/detector.py,146,1,,,0,0,0
detection,/Users/ganimzawhar/Desktop/Pysmell/pysmell/detection/detector.py,149,2,,,0,0,0
detection,/Users/ganimzawhar/Desktop/Pysmell/pysmell/detection/detector.py,149,2,,,0,0,0
detection,/Users/ganimzawhar/Desktop/Pysmell/pysmell/detection/detector.py,149,2,,,0,0,0
detection,/Users/ganimzawhar/Desktop/Pysmell/pysmell/detection/detector.py,150,2,,,0,0,0
detection,/Users/ganimzawhar/Desktop/Pysmell/pysmell/detection/detector.py,150,2,,,0,0,0
detection,/Users/ganimzawhar/Desktop/Pysmell/pysmell/detection/detector.py,150,2,,,0,0,0
detection,/Users/ganimzawhar/Desktop/Pysmell/pysmell/detection/detector.py,151,2,,,0,0,0
detection,/Users/ganimzawhar/Desktop/Pysmell/pysmell/detection/detector.py,151,2,,,0,0,0
detection,/Users/ganimzawhar/Desktop/Pysmell/pysmell/detection/detector.py,151,2,,,0,0,0
detection,/Users/ganimzawhar/Desktop/Pysmell/pysmell/detection/detector.py,153,1,,,0,0,0
detection,/Users/ganimzawhar/Desktop/Pysmell/pysmell/detection/detector.py,153,2,,,0,0,0
detection,/Users/ganimzawhar/Desktop/Pysmell/pysmell/detection/detector.py,156,1,,,0,0,0
detection,/Users/ganimzawhar/Desktop/Pysmell/pysmell/detection/detector.py,159,2,,,0,0,0
detection,/Users/ganimzawhar/Desktop/Pysmell/pysmell/detection/detector.py,159,2,,,0,0,0
detection,/Users/ganimzawhar/Desktop/Pysmell/pysmell/detection/detector.py,159,2,,,0,0,0
detection,/Users/ganimzawhar/Desktop/Pysmell/pysmell/detection/detector.py,160,2,,,0,0,0
detection,/Users/ganimzawhar/Desktop/Pysmell/pysmell/detection/detector.py,160,2,,,0,0,0
detection,/Users/ganimzawhar/Desktop/Pysmell/pysmell/detection/detector.py,160,2,,,0,0,0
detection,/Users/ganimzawhar/Desktop/Pysmell/pysmell/detection/detector.py,161,2,,,0,0,0
detection,/Users/ganimzawhar/Desktop/Pysmell/pysmell/detection/detector.py,161,2,,,0,0,0
detection,/Users/ganimzawhar/Desktop/Pysmell/pysmell/detection/detector.py,161,2,,,0,0,0
detection,/Users/ganimzawhar/Desktop/Pysmell/pysmell/detection/detector.py,162,2,,,0,0,0
detection,/Users/ganimzawhar/Desktop/Pysmell/pysmell/detection/detector.py,162,2,,,0,0,0
detection,/Users/ganimzawhar/Desktop/Pysmell/pysmell/detection/detector.py,162,2,,,0,0,0
detection,/Users/ganimzawhar/Desktop/Pysmell/pysmell/detection/compare_specific_thresholds_across_projects.py,15,,2,1,0,0,0
detection,/Users/ganimzawhar/Desktop/Pysmell/pysmell/detection/compare_specific_thresholds_across_projects.py,28,1,,,0,0,0
detection,/Users/ganimzawhar/Desktop/Pysmell/pysmell/detection/compare_specific_thresholds_across_projects.py,30,1,,,0,0,0
detection,/Users/ganimzawhar/Desktop/Pysmell/pysmell/detection/compare_specific_thresholds_across_projects.py,31,1,,,0,0,0
detection,/Users/ganimzawhar/Desktop/Pysmell/pysmell/detection/compare_specific_thresholds_across_projects.py,31,1,,,0,0,0
detection,/Users/ganimzawhar/Desktop/Pysmell/pysmell/detection/compare_specific_thresholds_across_projects.py,31,1,,,0,0,0
detection,/Users/ganimzawhar/Desktop/Pysmell/pysmell/detection/compare_specific_thresholds_across_projects.py,36,1,,,0,0,0
detection,/Users/ganimzawhar/Desktop/Pysmell/pysmell/detection/compare_specific_thresholds_across_projects.py,36,1,,,0,0,0
detection,/Users/ganimzawhar/Desktop/Pysmell/pysmell/detection/util.py,19,2,,,0,0,0
detection,/Users/ganimzawhar/Desktop/Pysmell/pysmell/detection/util.py,62,1,,,0,0,0
detection,/Users/ganimzawhar/Desktop/Pysmell/pysmell/detection/util.py,70,1,,,0,0,0
detection,/Users/ganimzawhar/Desktop/Pysmell/pysmell/detection/util.py,104,2,,,0,0,0
detection,/Users/ganimzawhar/Desktop/Pysmell/pysmell/detection/util.py,107,1,,,0,0,0
detection,/Users/ganimzawhar/Desktop/Pysmell/pysmell/detection/util.py,107,1,,,0,0,0
detection,/Users/ganimzawhar/Desktop/Pysmell/pysmell/detection/util.py,107,1,,,0,0,0
detection,/Users/ganimzawhar/Desktop/Pysmell/pysmell/detection/util.py,110,1,,,0,0,0
detection,/Users/ganimzawhar/Desktop/Pysmell/pysmell/detection/util.py,114,2,,,0,0,0
detection,/Users/ganimzawhar/Desktop/Pysmell/pysmell/detection/util.py,119,2,,,0,0,0
detection,/Users/ganimzawhar/Desktop/Pysmell/pysmell/detection/util.py,120,2,,,0,0,0
detection,/Users/ganimzawhar/Desktop/Pysmell/pysmell/detection/util.py,122,2,,,0,0,0
detection,/Users/ganimzawhar/Desktop/Pysmell/pysmell/detection/util.py,126,1,,,0,0,0
detection,/Users/ganimzawhar/Desktop/Pysmell/pysmell/detection/util.py,126,1,,,0,0,0
detection,/Users/ganimzawhar/Desktop/Pysmell/pysmell/detection/util.py,126,1,,,0,0,0
detection,/Users/ganimzawhar/Desktop/Pysmell/pysmell/detection/util.py,131,1,,,0,0,0
detection,/Users/ganimzawhar/Desktop/Pysmell/pysmell/detection/util.py,131,1,,,0,0,0
detection,/Users/ganimzawhar/Desktop/Pysmell/pysmell/detection/util.py,148,1,,,0,0,0
detection,/Users/ganimzawhar/Desktop/Pysmell/pysmell/detection/util.py,152,1,,,0,0,0
detection,/Users/ganimzawhar/Desktop/Pysmell/pysmell/detection/util.py,153,1,,,0,0,0
detection,/Users/ganimzawhar/Desktop/Pysmell/pysmell/detection/util.py,172,1,,,0,0,0
detection,/Users/ganimzawhar/Desktop/Pysmell/pysmell/detection/util.py,179,1,,,0,0,0
detection,/Users/ganimzawhar/Desktop/Pysmell/pysmell/detection/util.py,183,1,,,0,0,0
detection,/Users/ganimzawhar/Desktop/Pysmell/pysmell/detection/util.py,185,1,,,0,0,0
detection,/Users/ganimzawhar/Desktop/Pysmell/pysmell/detection/util.py,190,1,,,0,0,0
detection,/Users/ganimzawhar/Desktop/Pysmell/pysmell/detection/util.py,193,1,,,0,0,0
detection,/Users/ganimzawhar/Desktop/Pysmell/pysmell/detection/compare_metric_distribution_across_projects.py,6,,2,1,0,0,0
detection,/Users/ganimzawhar/Desktop/Pysmell/pysmell/detection/compare_metric_distribution_across_projects.py,23,1,,,0,0,0
detection,/Users/ganimzawhar/Desktop/Pysmell/pysmell/detection/compare_metric_distribution_across_projects.py,27,1,,,0,0,0
detection,/Users/ganimzawhar/Desktop/Pysmell/pysmell/detection/compare_metric_distribution_across_projects.py,28,1,,,0,0,0
detection,/Users/ganimzawhar/Desktop/Pysmell/pysmell/detection/compare_metric_distribution_across_projects.py,29,1,,,0,0,0
detection,/Users/ganimzawhar/Desktop/Pysmell/pysmell/detection/compare_metric_distribution_across_projects.py,29,1,,,0,0,0
detection,/Users/ganimzawhar/Desktop/Pysmell/pysmell/detection/compare_metric_distribution_across_projects.py,33,1,,,0,0,0
detection,/Users/ganimzawhar/Desktop/Pysmell/pysmell/detection/compare_metric_distribution_across_projects.py,34,1,,,0,0,0
detection,/Users/ganimzawhar/Desktop/Pysmell/pysmell/detection/compare_metric_distribution_across_projects.py,34,1,,,0,0,0
detection,/Users/ganimzawhar/Desktop/Pysmell/pysmell/detection/compare_metric_distribution_across_projects.py,34,1,,,0,0,0
detection,/Users/ganimzawhar/Desktop/Pysmell/pysmell/detection/compare_metric_distribution_across_projects.py,36,1,,,0,0,0
detection,/Users/ganimzawhar/Desktop/Pysmell/pysmell/detection/compare_metric_distribution_across_projects.py,37,1,,,0,0,0
detection,/Users/ganimzawhar/Desktop/Pysmell/pysmell/detection/compare_metric_distribution_across_projects.py,38,2,,,0,0,0
detection,/Users/ganimzawhar/Desktop/Pysmell/pysmell/detection/compare_metric_distribution_across_projects.py,38,1,,,0,0,0
detection,/Users/ganimzawhar/Desktop/Pysmell/pysmell/detection/compare_metric_distribution_across_projects.py,38,1,,,0,0,0
detection,/Users/ganimzawhar/Desktop/Pysmell/pysmell/detection/compare_metric_distribution_across_projects.py,40,1,,,0,0,0
detection,/Users/ganimzawhar/Desktop/Pysmell/pysmell/detection/compare_metric_distribution_across_projects.py,41,2,,,0,0,0
detection,/Users/ganimzawhar/Desktop/Pysmell/pysmell/detection/compare_metric_distribution_across_projects.py,42,2,,,0,0,0
detection,/Users/ganimzawhar/Desktop/Pysmell/pysmell/detection/compare_metric_distribution_across_projects.py,42,1,,,0,0,0
detection,/Users/ganimzawhar/Desktop/Pysmell/pysmell/detection/compare_metric_distribution_across_projects.py,43,1,,,0,0,0
detection,/Users/ganimzawhar/Desktop/Pysmell/pysmell/detection/astChecker.py,52,1,,,0,0,0
detection,/Users/ganimzawhar/Desktop/Pysmell/pysmell/detection/astChecker.py,81,1,,,0,0,0
detection,/Users/ganimzawhar/Desktop/Pysmell/pysmell/detection/astChecker.py,83,1,,,0,0,0
detection,/Users/ganimzawhar/Desktop/Pysmell/pysmell/detection/astChecker.py,90,1,,,0,0,0
detection,/Users/ganimzawhar/Desktop/Pysmell/pysmell/detection/astChecker.py,118,1,,,0,0,0
detection,/Users/ganimzawhar/Desktop/Pysmell/pysmell/detection/astChecker.py,120,1,,,0,0,0
detection,/Users/ganimzawhar/Desktop/Pysmell/pysmell/detection/astChecker.py,127,1,,,0,0,0
detection,/Users/ganimzawhar/Desktop/Pysmell/pysmell/detection/astChecker.py,134,,2,1,0,0,0
detection,/Users/ganimzawhar/Desktop/Pysmell/pysmell/detection/astChecker.py,137,2,,,0,0,0
detection,/Users/ganimzawhar/Desktop/Pysmell/pysmell/detection/astChecker.py,138,2,,,0,0,0
detection,/Users/ganimzawhar/Desktop/Pysmell/pysmell/detection/astChecker.py,144,1,,,0,0,0
detection,/Users/ganimzawhar/Desktop/Pysmell/pysmell/detection/astChecker.py,219,,2,1,0,0,0
detection,/Users/ganimzawhar/Desktop/Pysmell/pysmell/detection/astChecker.py,223,2,,,0,0,0
detection,/Users/ganimzawhar/Desktop/Pysmell/pysmell/detection/astChecker.py,224,2,,,0,0,0
detection,/Users/ganimzawhar/Desktop/Pysmell/pysmell/detection/astChecker.py,230,1,,,0,0,0
detection,/Users/ganimzawhar/Desktop/Pysmell/pysmell/detection/astChecker.py,231,1,,,0,0,0
detection,/Users/ganimzawhar/Desktop/Pysmell/pysmell/detection/astChecker.py,234,1,,,0,0,0
detection,/Users/ganimzawhar/Desktop/Pysmell/pysmell/detection/astChecker.py,235,1,,,0,0,0
detection,/Users/ganimzawhar/Desktop/Pysmell/pysmell/detection/astChecker.py,277,1,,,0,0,0
detection,/Users/ganimzawhar/Desktop/Pysmell/pysmell/detection/astChecker.py,281,1,,,0,0,0
detection,/Users/ganimzawhar/Desktop/Pysmell/pysmell/detection/astChecker.py,281,1,,,0,0,0
detection,/Users/ganimzawhar/Desktop/Pysmell/pysmell/detection/astChecker.py,298,1,,,0,0,0
detection,/Users/ganimzawhar/Desktop/Pysmell/pysmell/detection/astChecker.py,302,1,,,0,0,0
detection,/Users/ganimzawhar/Desktop/Pysmell/pysmell/detection/astChecker.py,302,1,,,0,0,0
detection,/Users/ganimzawhar/Desktop/Pysmell/pysmell/detection/astChecker.py,308,1,,,0,0,0
detection,/Users/ganimzawhar/Desktop/Pysmell/pysmell/detection/astChecker.py,308,1,,,0,0,0
detection,/Users/ganimzawhar/Desktop/Pysmell/pysmell/detection/customast.py,24,1,,,0,0,0
detection,/Users/ganimzawhar/Desktop/Pysmell/pysmell/detection/customast.py,26,1,,,0,0,0
detection,/Users/ganimzawhar/Desktop/Pysmell/pysmell/detection/customast.py,26,1,,,0,0,0
detection,/Users/ganimzawhar/Desktop/Pysmell/pysmell/detection/customast.py,26,1,,,0,0,0
detection,/Users/ganimzawhar/Desktop/Pysmell/pysmell/detection/customast.py,26,1,,,0,0,0
detection,/Users/ganimzawhar/Desktop/Pysmell/pysmell/detection/customast.py,28,1,,,0,0,0
detection,/Users/ganimzawhar/Desktop/Pysmell/pysmell/detection/customast.py,28,1,,,0,0,0
detection,/Users/ganimzawhar/Desktop/Pysmell/pysmell/detection/customast.py,29,1,,,0,0,0
detection,/Users/ganimzawhar/Desktop/Pysmell/pysmell/detection/customast.py,100,1,,,0,0,0
detection,/Users/ganimzawhar/Desktop/Pysmell/pysmell/detection/customast.py,101,1,,,0,0,0
detection,/Users/ganimzawhar/Desktop/Pysmell/pysmell/detection/customast.py,127,1,,,0,0,0
detection,/Users/ganimzawhar/Desktop/Pysmell/pysmell/detection/customast.py,134,1,,,0,0,0
detection,/Users/ganimzawhar/Desktop/Pysmell/pysmell/detection/customast.py,144,1,,,0,0,0
detection,/Users/ganimzawhar/Desktop/Pysmell/pysmell/detection/customast.py,173,1,,,0,0,0
detection,/Users/ganimzawhar/Desktop/Pysmell/pysmell/detection/customast.py,177,1,,,0,0,0
detection,/Users/ganimzawhar/Desktop/Pysmell/pysmell/detection/customast.py,191,1,,,0,0,0
detection,/Users/ganimzawhar/Desktop/Pysmell/pysmell/detection/customast.py,191,1,,,0,0,0
detection,/Users/ganimzawhar/Desktop/Pysmell/pysmell/detection/customast.py,214,1,,,0,0,0
detection,/Users/ganimzawhar/Desktop/Pysmell/pysmell/detection/customast.py,218,1,,,0,0,0
detection,/Users/ganimzawhar/Desktop/Pysmell/pysmell/detection/customast.py,225,1,,,0,0,0
detection,/Users/ganimzawhar/Desktop/Pysmell/pysmell/detection/customast.py,225,1,,,0,0,0
detection,/Users/ganimzawhar/Desktop/Pysmell/pysmell/detection/customast.py,228,1,,,0,0,0
detection,/Users/ganimzawhar/Desktop/Pysmell/pysmell/detection/customast.py,231,1,,,0,0,0
detection,/Users/ganimzawhar/Desktop/Pysmell/pysmell/detection/customast.py,234,1,,,0,0,0
detection,/Users/ganimzawhar/Desktop/Pysmell/pysmell/detection/customast.py,237,1,,,0,0,0
detection,/Users/ganimzawhar/Desktop/Pysmell/pysmell/detection/customast.py,241,1,,,0,0,0
detection,/Users/ganimzawhar/Desktop/Pysmell/pysmell/detection/customast.py,296,1,,,0,0,0
detection,/Users/ganimzawhar/Desktop/Pysmell/pysmell/detection/customast.py,299,1,,,0,0,0
detection,/Users/ganimzawhar/Desktop/Pysmell/pysmell/detection/customast.py,315,1,,,0,0,0
detection,/Users/ganimzawhar/Desktop/Pysmell/pysmell/detection/customast.py,390,1,,,0,0,0
detection,/Users/ganimzawhar/Desktop/Pysmell/pysmell/detection/customast.py,402,1,,,0,0,0
detection,/Users/ganimzawhar/Desktop/Pysmell/pysmell/detection/customast.py,438,1,,,0,0,0
detection,/Users/ganimzawhar/Desktop/Pysmell/pysmell/detection/customast.py,482,1,,,0,0,0
detection,/Users/ganimzawhar/Desktop/Pysmell/pysmell/detection/customast.py,490,1,,,0,0,0
detection,/Users/ganimzawhar/Desktop/Pysmell/pysmell/detection/customast.py,492,1,,,0,0,0
detection,/Users/ganimzawhar/Desktop/Pysmell/pysmell/detection/customast.py,501,1,,,0,0,0
detection,/Users/ganimzawhar/Desktop/Pysmell/pysmell/detection/customast.py,506,1,,,0,0,0
detection,/Users/ganimzawhar/Desktop/Pysmell/pysmell/detection/customast.py,507,1,,,0,0,0
detection,/Users/ganimzawhar/Desktop/Pysmell/pysmell/detection/customast.py,526,1,,,0,0,0
detection,/Users/ganimzawhar/Desktop/Pysmell/pysmell/detection/customast.py,535,1,,,0,0,0
detection,/Users/ganimzawhar/Desktop/Pysmell/pysmell/detection/customast.py,536,1,,,0,0,0
detection,/Users/ganimzawhar/Desktop/Pysmell/pysmell/detection/customast.py,536,1,,,0,0,0
detection,/Users/ganimzawhar/Desktop/Pysmell/pysmell/detection/customast.py,537,1,,,0,0,0
detection,/Users/ganimzawhar/Desktop/Pysmell/pysmell/detection/customast.py,611,1,,,0,0,0
detection,/Users/ganimzawhar/Desktop/Pysmell/pysmell/detection/account_rest.py,14,,2,1,0,0,0
detection,/Users/ganimzawhar/Desktop/Pysmell/pysmell/detection/account_rest.py,15,,2,1,0,0,0
detection,/Users/ganimzawhar/Desktop/Pysmell/pysmell/detection/account_rest.py,16,,2,1,0,0,0
detection,/Users/ganimzawhar/Desktop/Pysmell/pysmell/detection/account_rest.py,17,,2,1,0,0,0
detection,/Users/ganimzawhar/Desktop/Pysmell/pysmell/detection/account_rest.py,21,,2,1,0,0,0
detection,/Users/ganimzawhar/Desktop/Pysmell/pysmell/detection/account_rest.py,42,1,,,0,0,0
detection,/Users/ganimzawhar/Desktop/Pysmell/pysmell/detection/account_rest.py,46,2,,,0,0,0
detection,/Users/ganimzawhar/Desktop/Pysmell/pysmell/detection/account_rest.py,47,2,,,0,0,0
detection,/Users/ganimzawhar/Desktop/Pysmell/pysmell/detection/account_rest.py,48,2,,,0,0,0
detection,/Users/ganimzawhar/Desktop/Pysmell/pysmell/detection/account_rest.py,49,1,,,0,0,0
detection,/Users/ganimzawhar/Desktop/Pysmell/pysmell/detection/account_rest.py,49,1,,,0,0,0
detection,/Users/ganimzawhar/Desktop/Pysmell/pysmell/detection/account_rest.py,49,1,,,0,0,0
detection,/Users/ganimzawhar/Desktop/Pysmell/pysmell/detection/account_rest.py,49,1,,,0,0,0
detection,/Users/ganimzawhar/Desktop/Pysmell/pysmell/detection/account_rest.py,49,1,,,0,0,0
detection,/Users/ganimzawhar/Desktop/Pysmell/pysmell/detection/account_rest.py,49,1,,,0,0,0
detection,/Users/ganimzawhar/Desktop/Pysmell/pysmell/detection/account_rest.py,50,1,,,0,0,0
detection,/Users/ganimzawhar/Desktop/Pysmell/pysmell/detection/account_rest.py,50,1,,,0,0,0
detection,/Users/ganimzawhar/Desktop/Pysmell/pysmell/detection/account_rest.py,50,1,,,0,0,0
detection,/Users/ganimzawhar/Desktop/Pysmell/pysmell/detection/account_rest.py,50,1,,,0,0,0
detection,/Users/ganimzawhar/Desktop/Pysmell/pysmell/detection/account_rest.py,50,1,,,0,0,0
detection,/Users/ganimzawhar/Desktop/Pysmell/pysmell/detection/account_rest.py,50,1,,,0,0,0
detection,/Users/ganimzawhar/Desktop/Pysmell/pysmell/detection/account_rest.py,56,2,,,0,0,0
detection,/Users/ganimzawhar/Desktop/Pysmell/pysmell/detection/account_rest.py,57,2,,,0,0,0
detection,/Users/ganimzawhar/Desktop/Pysmell/pysmell/detection/account_rest.py,58,2,,,0,0,0
detection,/Users/ganimzawhar/Desktop/Pysmell/pysmell/detection/account_rest.py,59,1,,,0,0,0
detection,/Users/ganimzawhar/Desktop/Pysmell/pysmell/detection/account_rest.py,59,1,,,0,0,0
detection,/Users/ganimzawhar/Desktop/Pysmell/pysmell/detection/account_rest.py,59,1,,,0,0,0
detection,/Users/ganimzawhar/Desktop/Pysmell/pysmell/detection/account_rest.py,59,1,,,0,0,0
detection,/Users/ganimzawhar/Desktop/Pysmell/pysmell/detection/account_rest.py,59,1,,,0,0,0
detection,/Users/ganimzawhar/Desktop/Pysmell/pysmell/detection/account_rest.py,59,1,,,0,0,0
detection,/Users/ganimzawhar/Desktop/Pysmell/pysmell/detection/account_rest.py,60,1,,,0,0,0
detection,/Users/ganimzawhar/Desktop/Pysmell/pysmell/detection/account_rest.py,60,1,,,0,0,0
detection,/Users/ganimzawhar/Desktop/Pysmell/pysmell/detection/account_rest.py,60,1,,,0,0,0
detection,/Users/ganimzawhar/Desktop/Pysmell/pysmell/detection/account_rest.py,60,1,,,0,0,0
detection,/Users/ganimzawhar/Desktop/Pysmell/pysmell/detection/account_rest.py,60,1,,,0,0,0
detection,/Users/ganimzawhar/Desktop/Pysmell/pysmell/detection/account_rest.py,60,1,,,0,0,0
detection,/Users/ganimzawhar/Desktop/Pysmell/pysmell/detection/account_rest.py,66,2,,,0,0,0
detection,/Users/ganimzawhar/Desktop/Pysmell/pysmell/detection/account_rest.py,67,2,,,0,0,0
detection,/Users/ganimzawhar/Desktop/Pysmell/pysmell/detection/account_rest.py,68,1,,,0,0,0
detection,/Users/ganimzawhar/Desktop/Pysmell/pysmell/detection/account_rest.py,68,1,,,0,0,0
detection,/Users/ganimzawhar/Desktop/Pysmell/pysmell/detection/account_rest.py,68,1,,,0,0,0
detection,/Users/ganimzawhar/Desktop/Pysmell/pysmell/detection/account_rest.py,68,1,,,0,0,0
detection,/Users/ganimzawhar/Desktop/Pysmell/pysmell/detection/account_rest.py,69,1,,,0,0,0
detection,/Users/ganimzawhar/Desktop/Pysmell/pysmell/detection/account_rest.py,69,1,,,0,0,0
detection,/Users/ganimzawhar/Desktop/Pysmell/pysmell/detection/account_rest.py,69,1,,,0,0,0
detection,/Users/ganimzawhar/Desktop/Pysmell/pysmell/detection/account_rest.py,69,1,,,0,0,0
detection,/Users/ganimzawhar/Desktop/Pysmell/pysmell/detection/account_rest.py,75,2,,,0,0,0
detection,/Users/ganimzawhar/Desktop/Pysmell/pysmell/detection/account_rest.py,76,2,,,0,0,0
detection,/Users/ganimzawhar/Desktop/Pysmell/pysmell/detection/account_rest.py,77,2,,,0,0,0
detection,/Users/ganimzawhar/Desktop/Pysmell/pysmell/detection/account_rest.py,78,1,,,0,0,0
detection,/Users/ganimzawhar/Desktop/Pysmell/pysmell/detection/account_rest.py,78,1,,,0,0,0
detection,/Users/ganimzawhar/Desktop/Pysmell/pysmell/detection/account_rest.py,78,1,,,0,0,0
detection,/Users/ganimzawhar/Desktop/Pysmell/pysmell/detection/account_rest.py,78,1,,,0,0,0
detection,/Users/ganimzawhar/Desktop/Pysmell/pysmell/detection/account_rest.py,78,1,,,0,0,0
detection,/Users/ganimzawhar/Desktop/Pysmell/pysmell/detection/account_rest.py,78,1,,,0,0,0
detection,/Users/ganimzawhar/Desktop/Pysmell/pysmell/detection/account_rest.py,78,1,,,0,0,0
detection,/Users/ganimzawhar/Desktop/Pysmell/pysmell/detection/account_rest.py,78,1,,,0,0,0
detection,/Users/ganimzawhar/Desktop/Pysmell/pysmell/detection/account_rest.py,79,1,,,0,0,0
detection,/Users/ganimzawhar/Desktop/Pysmell/pysmell/detection/account_rest.py,79,1,,,0,0,0
detection,/Users/ganimzawhar/Desktop/Pysmell/pysmell/detection/account_rest.py,79,1,,,0,0,0
detection,/Users/ganimzawhar/Desktop/Pysmell/pysmell/detection/account_rest.py,79,1,,,0,0,0
detection,/Users/ganimzawhar/Desktop/Pysmell/pysmell/detection/account_rest.py,79,1,,,0,0,0
detection,/Users/ganimzawhar/Desktop/Pysmell/pysmell/detection/account_rest.py,79,1,,,0,0,0
detection,/Users/ganimzawhar/Desktop/Pysmell/pysmell/detection/account_rest.py,79,1,,,0,0,0
detection,/Users/ganimzawhar/Desktop/Pysmell/pysmell/detection/account_rest.py,79,1,,,0,0,0
detection,/Users/ganimzawhar/Desktop/Pysmell/pysmell/detection/account_rest.py,85,2,,,0,0,0
detection,/Users/ganimzawhar/Desktop/Pysmell/pysmell/detection/account_rest.py,86,1,,,0,0,0
detection,/Users/ganimzawhar/Desktop/Pysmell/pysmell/detection/account_rest.py,86,1,,,0,0,0
detection,/Users/ganimzawhar/Desktop/Pysmell/pysmell/detection/account_rest.py,86,1,,,0,0,0
detection,/Users/ganimzawhar/Desktop/Pysmell/pysmell/detection/account_rest.py,86,1,,,0,0,0
detection,/Users/ganimzawhar/Desktop/Pysmell/pysmell/detection/detector100.py,10,1,,,0,0,0
detection,/Users/ganimzawhar/Desktop/Pysmell/pysmell/detection/detector100.py,26,,2,1,0,0,0
detection,/Users/ganimzawhar/Desktop/Pysmell/pysmell/detection/detector100.py,27,,2,1,0,0,0
detection,/Users/ganimzawhar/Desktop/Pysmell/pysmell/detection/detector100.py,28,,2,1,0,0,0
detection,/Users/ganimzawhar/Desktop/Pysmell/pysmell/detection/detector100.py,29,,2,1,0,0,0
detection,/Users/ganimzawhar/Desktop/Pysmell/pysmell/detection/detector100.py,60,,2,1,0,0,0
detection,/Users/ganimzawhar/Desktop/Pysmell/pysmell/detection/detector100.py,78,1,,,0,0,0
detection,/Users/ganimzawhar/Desktop/Pysmell/pysmell/detection/detector100.py,80,1,,,0,0,0
detection,/Users/ganimzawhar/Desktop/Pysmell/pysmell/detection/detector100.py,80,1,,,0,0,0
detection,/Users/ganimzawhar/Desktop/Pysmell/pysmell/detection/detector100.py,82,2,,,0,0,0
detection,/Users/ganimzawhar/Desktop/Pysmell/pysmell/detection/detector100.py,83,1,,,0,0,0
detection,/Users/ganimzawhar/Desktop/Pysmell/pysmell/detection/detector100.py,83,1,,,0,0,0
detection,/Users/ganimzawhar/Desktop/Pysmell/pysmell/detection/detector100.py,85,2,,,0,0,0
detection,/Users/ganimzawhar/Desktop/Pysmell/pysmell/detection/detector100.py,86,1,,,0,0,0
detection,/Users/ganimzawhar/Desktop/Pysmell/pysmell/detection/detector100.py,86,1,,,0,0,0
detection,/Users/ganimzawhar/Desktop/Pysmell/pysmell/detection/detector100.py,88,2,,,0,0,0
detection,/Users/ganimzawhar/Desktop/Pysmell/pysmell/detection/detector100.py,89,1,,,0,0,0
detection,/Users/ganimzawhar/Desktop/Pysmell/pysmell/detection/detector100.py,89,1,,,0,0,0
detection,/Users/ganimzawhar/Desktop/Pysmell/pysmell/detection/detector100.py,89,1,,,0,0,0
detection,/Users/ganimzawhar/Desktop/Pysmell/pysmell/detection/detector100.py,90,1,,,0,0,0
detection,/Users/ganimzawhar/Desktop/Pysmell/pysmell/detection/detector100.py,92,1,,,0,0,0
detection,/Users/ganimzawhar/Desktop/Pysmell/pysmell/detection/detector100.py,92,1,,,0,0,0
detection,/Users/ganimzawhar/Desktop/Pysmell/pysmell/detection/detector100.py,94,2,,,0,0,0
detection,/Users/ganimzawhar/Desktop/Pysmell/pysmell/detection/detector100.py,95,1,,,0,0,0
detection,/Users/ganimzawhar/Desktop/Pysmell/pysmell/detection/detector100.py,95,1,,,0,0,0
detection,/Users/ganimzawhar/Desktop/Pysmell/pysmell/detection/detector100.py,97,2,,,0,0,0
detection,/Users/ganimzawhar/Desktop/Pysmell/pysmell/detection/detector100.py,98,1,,,0,0,0
detection,/Users/ganimzawhar/Desktop/Pysmell/pysmell/detection/detector100.py,98,1,,,0,0,0
detection,/Users/ganimzawhar/Desktop/Pysmell/pysmell/detection/detector100.py,100,2,,,0,0,0
detection,/Users/ganimzawhar/Desktop/Pysmell/pysmell/detection/detector100.py,101,1,,,0,0,0
detection,/Users/ganimzawhar/Desktop/Pysmell/pysmell/detection/detector100.py,101,1,,,0,0,0
detection,/Users/ganimzawhar/Desktop/Pysmell/pysmell/detection/detector100.py,101,1,,,0,0,0
detection,/Users/ganimzawhar/Desktop/Pysmell/pysmell/detection/detector100.py,102,1,,,0,0,0
detection,/Users/ganimzawhar/Desktop/Pysmell/pysmell/detection/detector100.py,104,1,,,0,0,0
detection,/Users/ganimzawhar/Desktop/Pysmell/pysmell/detection/detector100.py,104,1,,,0,0,0
detection,/Users/ganimzawhar/Desktop/Pysmell/pysmell/detection/detector100.py,106,2,,,0,0,0
detection,/Users/ganimzawhar/Desktop/Pysmell/pysmell/detection/detector100.py,107,1,,,0,0,0
detection,/Users/ganimzawhar/Desktop/Pysmell/pysmell/detection/detector100.py,107,1,,,0,0,0
detection,/Users/ganimzawhar/Desktop/Pysmell/pysmell/detection/detector100.py,109,2,,,0,0,0
detection,/Users/ganimzawhar/Desktop/Pysmell/pysmell/detection/detector100.py,110,1,,,0,0,0
detection,/Users/ganimzawhar/Desktop/Pysmell/pysmell/detection/detector100.py,110,1,,,0,0,0
detection,/Users/ganimzawhar/Desktop/Pysmell/pysmell/detection/detector100.py,112,2,,,0,0,0
detection,/Users/ganimzawhar/Desktop/Pysmell/pysmell/detection/detector100.py,113,1,,,0,0,0
detection,/Users/ganimzawhar/Desktop/Pysmell/pysmell/detection/detector100.py,113,1,,,0,0,0
detection,/Users/ganimzawhar/Desktop/Pysmell/pysmell/detection/detector100.py,113,1,,,0,0,0
detection,/Users/ganimzawhar/Desktop/Pysmell/pysmell/detection/detector100.py,114,1,,,0,0,0
detection,/Users/ganimzawhar/Desktop/Pysmell/pysmell/detection/detector100.py,116,1,,,0,0,0
detection,/Users/ganimzawhar/Desktop/Pysmell/pysmell/detection/detector100.py,116,1,,,0,0,0
detection,/Users/ganimzawhar/Desktop/Pysmell/pysmell/detection/detector100.py,118,2,,,0,0,0
detection,/Users/ganimzawhar/Desktop/Pysmell/pysmell/detection/detector100.py,119,1,,,0,0,0
detection,/Users/ganimzawhar/Desktop/Pysmell/pysmell/detection/detector100.py,119,1,,,0,0,0
detection,/Users/ganimzawhar/Desktop/Pysmell/pysmell/detection/detector100.py,121,2,,,0,0,0
detection,/Users/ganimzawhar/Desktop/Pysmell/pysmell/detection/detector100.py,122,1,,,0,0,0
detection,/Users/ganimzawhar/Desktop/Pysmell/pysmell/detection/detector100.py,122,1,,,0,0,0
detection,/Users/ganimzawhar/Desktop/Pysmell/pysmell/detection/detector100.py,124,2,,,0,0,0
detection,/Users/ganimzawhar/Desktop/Pysmell/pysmell/detection/detector100.py,125,1,,,0,0,0
detection,/Users/ganimzawhar/Desktop/Pysmell/pysmell/detection/detector100.py,125,1,,,0,0,0
detection,/Users/ganimzawhar/Desktop/Pysmell/pysmell/detection/detector100.py,125,1,,,0,0,0
detection,/Users/ganimzawhar/Desktop/Pysmell/pysmell/detection/detector100.py,126,1,,,0,0,0
detection,/Users/ganimzawhar/Desktop/Pysmell/pysmell/detection/detector100.py,128,1,,,0,0,0
detection,/Users/ganimzawhar/Desktop/Pysmell/pysmell/detection/detector100.py,128,1,,,0,0,0
detection,/Users/ganimzawhar/Desktop/Pysmell/pysmell/detection/detector100.py,130,2,,,0,0,0
detection,/Users/ganimzawhar/Desktop/Pysmell/pysmell/detection/detector100.py,131,1,,,0,0,0
detection,/Users/ganimzawhar/Desktop/Pysmell/pysmell/detection/detector100.py,131,1,,,0,0,0
detection,/Users/ganimzawhar/Desktop/Pysmell/pysmell/detection/detector100.py,133,2,,,0,0,0
detection,/Users/ganimzawhar/Desktop/Pysmell/pysmell/detection/detector100.py,134,1,,,0,0,0
detection,/Users/ganimzawhar/Desktop/Pysmell/pysmell/detection/detector100.py,134,1,,,0,0,0
detection,/Users/ganimzawhar/Desktop/Pysmell/pysmell/detection/detector100.py,136,2,,,0,0,0
detection,/Users/ganimzawhar/Desktop/Pysmell/pysmell/detection/detector100.py,137,1,,,0,0,0
detection,/Users/ganimzawhar/Desktop/Pysmell/pysmell/detection/detector100.py,137,1,,,0,0,0
detection,/Users/ganimzawhar/Desktop/Pysmell/pysmell/detection/detector100.py,137,1,,,0,0,0
detection,/Users/ganimzawhar/Desktop/Pysmell/pysmell/detection/detector100.py,138,1,,,0,0,0
detection,/Users/ganimzawhar/Desktop/Pysmell/pysmell/detection/detector100.py,141,1,,,0,0,0
detection,/Users/ganimzawhar/Desktop/Pysmell/pysmell/detection/detector100.py,141,1,,,0,0,0
detection,/Users/ganimzawhar/Desktop/Pysmell/pysmell/detection/detector100.py,143,2,,,0,0,0
detection,/Users/ganimzawhar/Desktop/Pysmell/pysmell/detection/detector100.py,144,1,,,0,0,0
detection,/Users/ganimzawhar/Desktop/Pysmell/pysmell/detection/detector100.py,144,1,,,0,0,0
detection,/Users/ganimzawhar/Desktop/Pysmell/pysmell/detection/detector100.py,146,2,,,0,0,0
detection,/Users/ganimzawhar/Desktop/Pysmell/pysmell/detection/detector100.py,147,1,,,0,0,0
detection,/Users/ganimzawhar/Desktop/Pysmell/pysmell/detection/detector100.py,147,1,,,0,0,0
detection,/Users/ganimzawhar/Desktop/Pysmell/pysmell/detection/detector100.py,149,2,,,0,0,0
detection,/Users/ganimzawhar/Desktop/Pysmell/pysmell/detection/detector100.py,150,1,,,0,0,0
detection,/Users/ganimzawhar/Desktop/Pysmell/pysmell/detection/detector100.py,150,1,,,0,0,0
detection,/Users/ganimzawhar/Desktop/Pysmell/pysmell/detection/detector100.py,150,1,,,0,0,0
detection,/Users/ganimzawhar/Desktop/Pysmell/pysmell/detection/detector100.py,152,1,,,0,0,0
detection,/Users/ganimzawhar/Desktop/Pysmell/pysmell/detection/detector100.py,152,1,,,0,0,0
detection,/Users/ganimzawhar/Desktop/Pysmell/pysmell/detection/detector100.py,152,1,,,0,0,0
detection,/Users/ganimzawhar/Desktop/Pysmell/pysmell/detection/detector100.py,152,1,,,0,0,0
detection,/Users/ganimzawhar/Desktop/Pysmell/pysmell/detection/detector100.py,154,2,,,0,0,0
detection,/Users/ganimzawhar/Desktop/Pysmell/pysmell/detection/detector100.py,155,1,,,0,0,0
detection,/Users/ganimzawhar/Desktop/Pysmell/pysmell/detection/detector100.py,155,1,,,0,0,0
detection,/Users/ganimzawhar/Desktop/Pysmell/pysmell/detection/detector100.py,155,1,,,0,0,0
detection,/Users/ganimzawhar/Desktop/Pysmell/pysmell/detection/detector100.py,155,1,,,0,0,0
detection,/Users/ganimzawhar/Desktop/Pysmell/pysmell/detection/detector100.py,157,2,,,0,0,0
detection,/Users/ganimzawhar/Desktop/Pysmell/pysmell/detection/detector100.py,158,1,,,0,0,0
detection,/Users/ganimzawhar/Desktop/Pysmell/pysmell/detection/detector100.py,158,1,,,0,0,0
detection,/Users/ganimzawhar/Desktop/Pysmell/pysmell/detection/detector100.py,158,1,,,0,0,0
detection,/Users/ganimzawhar/Desktop/Pysmell/pysmell/detection/detector100.py,158,1,,,0,0,0
detection,/Users/ganimzawhar/Desktop/Pysmell/pysmell/detection/detector100.py,160,2,,,0,0,0
detection,/Users/ganimzawhar/Desktop/Pysmell/pysmell/detection/detector100.py,161,1,,,0,0,0
detection,/Users/ganimzawhar/Desktop/Pysmell/pysmell/detection/detector100.py,161,1,,,0,0,0
detection,/Users/ganimzawhar/Desktop/Pysmell/pysmell/detection/detector100.py,161,1,,,0,0,0
detection,/Users/ganimzawhar/Desktop/Pysmell/pysmell/detection/detector100.py,161,1,,,0,0,0
detection,/Users/ganimzawhar/Desktop/Pysmell/pysmell/detection/detector100.py,162,1,,,0,0,0
detection,/Users/ganimzawhar/Desktop/Pysmell/pysmell/detection/detector100.py,164,1,,,0,0,0
detection,/Users/ganimzawhar/Desktop/Pysmell/pysmell/detection/detector100.py,164,1,,,0,0,0
detection,/Users/ganimzawhar/Desktop/Pysmell/pysmell/detection/detector100.py,164,1,,,0,0,0
detection,/Users/ganimzawhar/Desktop/Pysmell/pysmell/detection/detector100.py,164,1,,,0,0,0
detection,/Users/ganimzawhar/Desktop/Pysmell/pysmell/detection/detector100.py,164,1,,,0,0,0
detection,/Users/ganimzawhar/Desktop/Pysmell/pysmell/detection/detector100.py,164,1,,,0,0,0
detection,/Users/ganimzawhar/Desktop/Pysmell/pysmell/detection/detector100.py,166,2,,,0,0,0
detection,/Users/ganimzawhar/Desktop/Pysmell/pysmell/detection/detector100.py,167,1,,,0,0,0
detection,/Users/ganimzawhar/Desktop/Pysmell/pysmell/detection/detector100.py,167,1,,,0,0,0
detection,/Users/ganimzawhar/Desktop/Pysmell/pysmell/detection/detector100.py,167,1,,,0,0,0
detection,/Users/ganimzawhar/Desktop/Pysmell/pysmell/detection/detector100.py,167,1,,,0,0,0
detection,/Users/ganimzawhar/Desktop/Pysmell/pysmell/detection/detector100.py,167,1,,,0,0,0
detection,/Users/ganimzawhar/Desktop/Pysmell/pysmell/detection/detector100.py,167,1,,,0,0,0
detection,/Users/ganimzawhar/Desktop/Pysmell/pysmell/detection/detector100.py,169,2,,,0,0,0
detection,/Users/ganimzawhar/Desktop/Pysmell/pysmell/detection/detector100.py,170,1,,,0,0,0
detection,/Users/ganimzawhar/Desktop/Pysmell/pysmell/detection/detector100.py,170,1,,,0,0,0
detection,/Users/ganimzawhar/Desktop/Pysmell/pysmell/detection/detector100.py,170,1,,,0,0,0
detection,/Users/ganimzawhar/Desktop/Pysmell/pysmell/detection/detector100.py,170,1,,,0,0,0
detection,/Users/ganimzawhar/Desktop/Pysmell/pysmell/detection/detector100.py,170,1,,,0,0,0
detection,/Users/ganimzawhar/Desktop/Pysmell/pysmell/detection/detector100.py,170,1,,,0,0,0
detection,/Users/ganimzawhar/Desktop/Pysmell/pysmell/detection/detector100.py,172,2,,,0,0,0
detection,/Users/ganimzawhar/Desktop/Pysmell/pysmell/detection/detector100.py,173,1,,,0,0,0
detection,/Users/ganimzawhar/Desktop/Pysmell/pysmell/detection/detector100.py,173,1,,,0,0,0
detection,/Users/ganimzawhar/Desktop/Pysmell/pysmell/detection/detector100.py,173,1,,,0,0,0
detection,/Users/ganimzawhar/Desktop/Pysmell/pysmell/detection/detector100.py,173,1,,,0,0,0
detection,/Users/ganimzawhar/Desktop/Pysmell/pysmell/detection/detector100.py,173,1,,,0,0,0
detection,/Users/ganimzawhar/Desktop/Pysmell/pysmell/detection/detector100.py,174,1,,,0,0,0
detection,/Users/ganimzawhar/Desktop/Pysmell/pysmell/detection/detector100.py,176,1,,,0,0,0
detection,/Users/ganimzawhar/Desktop/Pysmell/pysmell/detection/detector100.py,176,1,,,0,0,0
detection,/Users/ganimzawhar/Desktop/Pysmell/pysmell/detection/detector100.py,176,1,,,0,0,0
detection,/Users/ganimzawhar/Desktop/Pysmell/pysmell/detection/detector100.py,176,1,,,0,0,0
detection,/Users/ganimzawhar/Desktop/Pysmell/pysmell/detection/detector100.py,178,2,,,0,0,0
detection,/Users/ganimzawhar/Desktop/Pysmell/pysmell/detection/detector100.py,179,1,,,0,0,0
detection,/Users/ganimzawhar/Desktop/Pysmell/pysmell/detection/detector100.py,179,1,,,0,0,0
detection,/Users/ganimzawhar/Desktop/Pysmell/pysmell/detection/detector100.py,179,1,,,0,0,0
detection,/Users/ganimzawhar/Desktop/Pysmell/pysmell/detection/detector100.py,179,1,,,0,0,0
detection,/Users/ganimzawhar/Desktop/Pysmell/pysmell/detection/detector100.py,181,2,,,0,0,0
detection,/Users/ganimzawhar/Desktop/Pysmell/pysmell/detection/detector100.py,182,1,,,0,0,0
detection,/Users/ganimzawhar/Desktop/Pysmell/pysmell/detection/detector100.py,182,1,,,0,0,0
detection,/Users/ganimzawhar/Desktop/Pysmell/pysmell/detection/detector100.py,182,1,,,0,0,0
detection,/Users/ganimzawhar/Desktop/Pysmell/pysmell/detection/detector100.py,182,1,,,0,0,0
detection,/Users/ganimzawhar/Desktop/Pysmell/pysmell/detection/detector100.py,184,2,,,0,0,0
detection,/Users/ganimzawhar/Desktop/Pysmell/pysmell/detection/detector100.py,185,1,,,0,0,0
detection,/Users/ganimzawhar/Desktop/Pysmell/pysmell/detection/detector100.py,185,1,,,0,0,0
detection,/Users/ganimzawhar/Desktop/Pysmell/pysmell/detection/detector100.py,185,1,,,0,0,0
detection,/Users/ganimzawhar/Desktop/Pysmell/pysmell/detection/detector100.py,185,1,,,0,0,0
detection,/Users/ganimzawhar/Desktop/Pysmell/pysmell/detection/detector100.py,186,1,,,0,0,0
detection,/Users/ganimzawhar/Desktop/Pysmell/pysmell/detection/detector100.py,188,1,,,0,0,0
detection,/Users/ganimzawhar/Desktop/Pysmell/pysmell/detection/detector100.py,188,1,,,0,0,0
detection,/Users/ganimzawhar/Desktop/Pysmell/pysmell/detection/detector100.py,188,1,,,0,0,0
detection,/Users/ganimzawhar/Desktop/Pysmell/pysmell/detection/detector100.py,188,1,,,0,0,0
detection,/Users/ganimzawhar/Desktop/Pysmell/pysmell/detection/detector100.py,188,1,,,0,0,0
detection,/Users/ganimzawhar/Desktop/Pysmell/pysmell/detection/detector100.py,188,1,,,0,0,0
detection,/Users/ganimzawhar/Desktop/Pysmell/pysmell/detection/detector100.py,190,2,,,0,0,0
detection,/Users/ganimzawhar/Desktop/Pysmell/pysmell/detection/detector100.py,191,1,,,0,0,0
detection,/Users/ganimzawhar/Desktop/Pysmell/pysmell/detection/detector100.py,191,1,,,0,0,0
detection,/Users/ganimzawhar/Desktop/Pysmell/pysmell/detection/detector100.py,191,1,,,0,0,0
detection,/Users/ganimzawhar/Desktop/Pysmell/pysmell/detection/detector100.py,191,1,,,0,0,0
detection,/Users/ganimzawhar/Desktop/Pysmell/pysmell/detection/detector100.py,191,1,,,0,0,0
detection,/Users/ganimzawhar/Desktop/Pysmell/pysmell/detection/detector100.py,191,1,,,0,0,0
detection,/Users/ganimzawhar/Desktop/Pysmell/pysmell/detection/detector100.py,193,2,,,0,0,0
detection,/Users/ganimzawhar/Desktop/Pysmell/pysmell/detection/detector100.py,194,1,,,0,0,0
detection,/Users/ganimzawhar/Desktop/Pysmell/pysmell/detection/detector100.py,194,1,,,0,0,0
detection,/Users/ganimzawhar/Desktop/Pysmell/pysmell/detection/detector100.py,194,1,,,0,0,0
detection,/Users/ganimzawhar/Desktop/Pysmell/pysmell/detection/detector100.py,194,1,,,0,0,0
detection,/Users/ganimzawhar/Desktop/Pysmell/pysmell/detection/detector100.py,194,1,,,0,0,0
detection,/Users/ganimzawhar/Desktop/Pysmell/pysmell/detection/detector100.py,194,1,,,0,0,0
detection,/Users/ganimzawhar/Desktop/Pysmell/pysmell/detection/detector100.py,196,2,,,0,0,0
detection,/Users/ganimzawhar/Desktop/Pysmell/pysmell/detection/detector100.py,197,1,,,0,0,0
detection,/Users/ganimzawhar/Desktop/Pysmell/pysmell/detection/detector100.py,197,1,,,0,0,0
detection,/Users/ganimzawhar/Desktop/Pysmell/pysmell/detection/detector100.py,197,1,,,0,0,0
detection,/Users/ganimzawhar/Desktop/Pysmell/pysmell/detection/detector100.py,197,1,,,0,0,0
detection,/Users/ganimzawhar/Desktop/Pysmell/pysmell/detection/detector100.py,197,1,,,0,0,0
detection,/Users/ganimzawhar/Desktop/Pysmell/pysmell/detection/detector100.py,198,1,,,0,0,0
detection,/Users/ganimzawhar/Desktop/Pysmell/pysmell/detection/detector100.py,200,1,,,0,0,0
detection,/Users/ganimzawhar/Desktop/Pysmell/pysmell/detection/detector100.py,200,1,,,0,0,0
detection,/Users/ganimzawhar/Desktop/Pysmell/pysmell/detection/detector100.py,202,2,,,0,0,0
detection,/Users/ganimzawhar/Desktop/Pysmell/pysmell/detection/detector100.py,203,1,,,0,0,0
detection,/Users/ganimzawhar/Desktop/Pysmell/pysmell/detection/detector100.py,203,1,,,0,0,0
detection,/Users/ganimzawhar/Desktop/Pysmell/pysmell/detection/detector100.py,205,2,,,0,0,0
detection,/Users/ganimzawhar/Desktop/Pysmell/pysmell/detection/detector100.py,206,1,,,0,0,0
detection,/Users/ganimzawhar/Desktop/Pysmell/pysmell/detection/detector100.py,206,1,,,0,0,0
detection,/Users/ganimzawhar/Desktop/Pysmell/pysmell/detection/detector100.py,208,2,,,0,0,0
detection,/Users/ganimzawhar/Desktop/Pysmell/pysmell/detection/detector100.py,209,1,,,0,0,0
detection,/Users/ganimzawhar/Desktop/Pysmell/pysmell/detection/detector100.py,209,1,,,0,0,0
detection,/Users/ganimzawhar/Desktop/Pysmell/pysmell/detection/detector100.py,209,1,,,0,0,0
detection,/Users/ganimzawhar/Desktop/Pysmell/pysmell/detection/detector100.py,213,1,,,0,0,0
detection,/Users/ganimzawhar/Desktop/Pysmell/pysmell/detection/detector100.py,213,1,,,0,0,0
detection,/Users/ganimzawhar/Desktop/Pysmell/pysmell/detection/detector100.py,214,1,,,0,0,0
detection,/Users/ganimzawhar/Desktop/Pysmell/pysmell/detection/detector100.py,214,1,,,0,0,0
detection,/Users/ganimzawhar/Desktop/Pysmell/pysmell/detection/detector100.py,215,1,,,0,0,0
detection,/Users/ganimzawhar/Desktop/Pysmell/pysmell/detection/detector100.py,215,1,,,0,0,0
detection,/Users/ganimzawhar/Desktop/Pysmell/pysmell/detection/detector100.py,216,1,,,0,0,0
detection,/Users/ganimzawhar/Desktop/Pysmell/pysmell/detection/detector100.py,216,1,,,0,0,0
detection,/Users/ganimzawhar/Desktop/Pysmell/pysmell/detection/detector100.py,216,1,,,0,0,0
detection,/Users/ganimzawhar/Desktop/Pysmell/pysmell/detection/detector100.py,219,1,,,0,0,0
detection,/Users/ganimzawhar/Desktop/Pysmell/pysmell/detection/detector100.py,219,1,,,0,0,0
detection,/Users/ganimzawhar/Desktop/Pysmell/pysmell/detection/detector100.py,219,1,,,0,0,0
detection,/Users/ganimzawhar/Desktop/Pysmell/pysmell/detection/detector100.py,221,1,,,0,0,0
detection,/Users/ganimzawhar/Desktop/Pysmell/pysmell/detection/detector100.py,221,1,,,0,0,0
detection,/Users/ganimzawhar/Desktop/Pysmell/pysmell/detection/detector100.py,221,1,,,0,0,0
detection,/Users/ganimzawhar/Desktop/Pysmell/pysmell/detection/detector100.py,221,1,,,0,0,0
detection,/Users/ganimzawhar/Desktop/Pysmell/pysmell/detection/detector100.py,222,1,,,0,0,0
detection,/Users/ganimzawhar/Desktop/Pysmell/pysmell/detection/detector100.py,222,1,,,0,0,0
detection,/Users/ganimzawhar/Desktop/Pysmell/pysmell/detection/detector100.py,222,1,,,0,0,0
detection,/Users/ganimzawhar/Desktop/Pysmell/pysmell/detection/detector100.py,223,1,,,0,0,0
detection,/Users/ganimzawhar/Desktop/Pysmell/pysmell/detection/detector100.py,223,1,,,0,0,0
detection,/Users/ganimzawhar/Desktop/Pysmell/pysmell/detection/detector100.py,223,1,,,0,0,0
detection,/Users/ganimzawhar/Desktop/Pysmell/pysmell/detection/detector100.py,225,1,,,0,0,0
detection,/Users/ganimzawhar/Desktop/Pysmell/pysmell/detection/detector100.py,225,,2,1,0,0,0
detection,/Users/ganimzawhar/Desktop/Pysmell/pysmell/detection/detector100.py,225,1,,,0,0,0
detection,/Users/ganimzawhar/Desktop/Pysmell/pysmell/detection/detector100.py,225,1,,,0,0,0
detection,/Users/ganimzawhar/Desktop/Pysmell/pysmell/detection/detector100.py,225,1,,,0,0,0
detection,/Users/ganimzawhar/Desktop/Pysmell/pysmell/detection/detector100.py,226,1,,,0,0,0
detection,/Users/ganimzawhar/Desktop/Pysmell/pysmell/detection/detector100.py,226,1,,,0,0,0
detection,/Users/ganimzawhar/Desktop/Pysmell/pysmell/detection/detector100.py,226,1,,,0,0,0
detection,/Users/ganimzawhar/Desktop/Pysmell/pysmell/detection/detector100.py,227,1,,,0,0,0
detection,/Users/ganimzawhar/Desktop/Pysmell/pysmell/detection/detector100.py,227,1,,,0,0,0
detection,/Users/ganimzawhar/Desktop/Pysmell/pysmell/detection/detector100.py,227,1,,,0,0,0
detection,/Users/ganimzawhar/Desktop/Pysmell/pysmell/detection/detector100.py,228,1,,,0,0,0
detection,/Users/ganimzawhar/Desktop/Pysmell/pysmell/detection/detector100.py,228,1,,,0,0,0
detection,/Users/ganimzawhar/Desktop/Pysmell/pysmell/detection/detector100.py,228,1,,,0,0,0
detection,/Users/ganimzawhar/Desktop/Pysmell/pysmell/detection/detector100.py,238,1,,,0,0,0
detection,/Users/ganimzawhar/Desktop/Pysmell/pysmell/detection/detector100.py,239,2,,,0,0,0
detection,/Users/ganimzawhar/Desktop/Pysmell/pysmell/detection/detector100.py,240,1,,,0,0,0
detection,/Users/ganimzawhar/Desktop/Pysmell/pysmell/detection/detector100.py,240,1,,,0,0,0
detection,/Users/ganimzawhar/Desktop/Pysmell/pysmell/detection/detector100.py,240,1,,,0,0,0
detection,/Users/ganimzawhar/Desktop/Pysmell/pysmell/detection/detector100.py,242,1,,,0,0,0
detection,/Users/ganimzawhar/Desktop/Pysmell/pysmell/detection/detector100.py,242,1,,,0,0,0
detection,/Users/ganimzawhar/Desktop/Pysmell/pysmell/detection/detector100.py,242,1,,,0,0,0
detection,/Users/ganimzawhar/Desktop/Pysmell/pysmell/detection/account.py,14,,2,1,0,0,0
detection,/Users/ganimzawhar/Desktop/Pysmell/pysmell/detection/account.py,15,,2,1,0,0,0
detection,/Users/ganimzawhar/Desktop/Pysmell/pysmell/detection/account.py,16,,2,1,0,0,0
detection,/Users/ganimzawhar/Desktop/Pysmell/pysmell/detection/account.py,17,,2,1,0,0,0
detection,/Users/ganimzawhar/Desktop/Pysmell/pysmell/detection/account.py,21,,2,1,0,0,0
detection,/Users/ganimzawhar/Desktop/Pysmell/pysmell/detection/account.py,27,1,,,0,0,0
detection,/Users/ganimzawhar/Desktop/Pysmell/pysmell/detection/account.py,41,1,,,0,0,0
detection,/Users/ganimzawhar/Desktop/Pysmell/pysmell/detection/account.py,45,2,,,0,0,0
detection,/Users/ganimzawhar/Desktop/Pysmell/pysmell/detection/account.py,46,2,,,0,0,0
detection,/Users/ganimzawhar/Desktop/Pysmell/pysmell/detection/account.py,47,2,,,0,0,0
detection,/Users/ganimzawhar/Desktop/Pysmell/pysmell/detection/account.py,48,1,,,0,0,0
detection,/Users/ganimzawhar/Desktop/Pysmell/pysmell/detection/account.py,48,1,,,0,0,0
detection,/Users/ganimzawhar/Desktop/Pysmell/pysmell/detection/account.py,48,1,,,0,0,0
detection,/Users/ganimzawhar/Desktop/Pysmell/pysmell/detection/account.py,48,1,,,0,0,0
detection,/Users/ganimzawhar/Desktop/Pysmell/pysmell/detection/account.py,48,1,,,0,0,0
detection,/Users/ganimzawhar/Desktop/Pysmell/pysmell/detection/account.py,48,1,,,0,0,0
detection,/Users/ganimzawhar/Desktop/Pysmell/pysmell/detection/account.py,57,2,,,0,0,0
detection,/Users/ganimzawhar/Desktop/Pysmell/pysmell/detection/account.py,58,2,,,0,0,0
detection,/Users/ganimzawhar/Desktop/Pysmell/pysmell/detection/account.py,59,2,,,0,0,0
detection,/Users/ganimzawhar/Desktop/Pysmell/pysmell/detection/account.py,60,1,,,0,0,0
detection,/Users/ganimzawhar/Desktop/Pysmell/pysmell/detection/account.py,60,1,,,0,0,0
detection,/Users/ganimzawhar/Desktop/Pysmell/pysmell/detection/account.py,60,1,,,0,0,0
detection,/Users/ganimzawhar/Desktop/Pysmell/pysmell/detection/account.py,60,1,,,0,0,0
detection,/Users/ganimzawhar/Desktop/Pysmell/pysmell/detection/account.py,60,1,,,0,0,0
detection,/Users/ganimzawhar/Desktop/Pysmell/pysmell/detection/account.py,60,1,,,0,0,0
detection,/Users/ganimzawhar/Desktop/Pysmell/pysmell/detection/account.py,69,2,,,0,0,0
detection,/Users/ganimzawhar/Desktop/Pysmell/pysmell/detection/account.py,70,2,,,0,0,0
detection,/Users/ganimzawhar/Desktop/Pysmell/pysmell/detection/account.py,71,1,,,0,0,0
detection,/Users/ganimzawhar/Desktop/Pysmell/pysmell/detection/account.py,71,1,,,0,0,0
detection,/Users/ganimzawhar/Desktop/Pysmell/pysmell/detection/account.py,71,1,,,0,0,0
detection,/Users/ganimzawhar/Desktop/Pysmell/pysmell/detection/account.py,71,1,,,0,0,0
detection,/Users/ganimzawhar/Desktop/Pysmell/pysmell/detection/account.py,80,2,,,0,0,0
detection,/Users/ganimzawhar/Desktop/Pysmell/pysmell/detection/account.py,81,2,,,0,0,0
detection,/Users/ganimzawhar/Desktop/Pysmell/pysmell/detection/account.py,82,2,,,0,0,0
detection,/Users/ganimzawhar/Desktop/Pysmell/pysmell/detection/account.py,83,1,,,0,0,0
detection,/Users/ganimzawhar/Desktop/Pysmell/pysmell/detection/account.py,83,1,,,0,0,0
detection,/Users/ganimzawhar/Desktop/Pysmell/pysmell/detection/account.py,83,1,,,0,0,0
detection,/Users/ganimzawhar/Desktop/Pysmell/pysmell/detection/account.py,83,1,,,0,0,0
detection,/Users/ganimzawhar/Desktop/Pysmell/pysmell/detection/account.py,83,1,,,0,0,0
detection,/Users/ganimzawhar/Desktop/Pysmell/pysmell/detection/account.py,83,1,,,0,0,0
detection,/Users/ganimzawhar/Desktop/Pysmell/pysmell/detection/account.py,83,1,,,0,0,0
detection,/Users/ganimzawhar/Desktop/Pysmell/pysmell/detection/account.py,83,1,,,0,0,0
detection,/Users/ganimzawhar/Desktop/Pysmell/pysmell/detection/account.py,92,2,,,0,0,0
detection,/Users/ganimzawhar/Desktop/Pysmell/pysmell/detection/account.py,93,1,,,0,0,0
detection,/Users/ganimzawhar/Desktop/Pysmell/pysmell/detection/account.py,93,1,,,0,0,0
detection,/Users/ganimzawhar/Desktop/Pysmell/pysmell/detection/account.py,102,1,,,0,0,0
detection,/Users/ganimzawhar/Desktop/Pysmell/pysmell/detection/example repository/the rest to check/random.py,8,1,,,0,0,0
